timestamp,eventType,level,category,domain,details
2025-09-28T17:26:03.671Z,AUDIT_SYSTEM_INITIALIZED,info,general,SYSTEM,{""config"":{""auditLevel"":""detailed"",""retentionDays"":90,""maxLogSize"":104857600,""formats"":[""json"",""csv"",""plain""],""includeMetrics"":true,""includeBackups"":true,""auditDir"":""audit-logs"",""backupDir"":""audit-backups"",""reportsDir"":""audit-reports"",""realTimeAlerts"":false,""alertWebhook"":null,""complianceMode"":false,""encryptLogs"":false,""digitallySigned"":false,""environments"":[""development"",""staging"",""production""],""crossEnvironmentTracking"":true},""sessionId"":""audit_mg3z13f9_dqrz62nij""}
2025-09-28T17:26:03.691Z,AUDIT_SYSTEM_INITIALIZED,info,general,SYSTEM,{""config"":{""auditLevel"":""detailed"",""retentionDays"":90,""maxLogSize"":104857600,""formats"":[""json"",""csv"",""plain""],""includeMetrics"":true,""includeBackups"":true,""auditDir"":""audit-logs"",""backupDir"":""audit-backups"",""reportsDir"":""audit-reports"",""realTimeAlerts"":false,""alertWebhook"":null,""complianceMode"":false,""encryptLogs"":false,""digitallySigned"":false,""environments"":[""development"",""staging"",""production""],""crossEnvironmentTracking"":true},""sessionId"":""audit_mg3z13fv_zra553dmp""}
2025-09-28T17:26:03.700Z,COORDINATOR_INITIALIZED,info,general,COORDINATOR,{""sessionId"":""coord_mg3z13g3_qcfti5wfs"",""portfolioName"":""enterprise-cli-portfolio"",""config"":{""portfolioName"":""enterprise-cli-portfolio"",""maxConcurrentDeployments"":3,""deploymentTimeout"":1800000,""enableDependencyResolution"":true,""enableCrossValidation"":true,""enableSharedResources"":true,""healthCheckInterval"":300000,""enableContinuousMonitoring"":true,""enableAutoRollback"":true,""rollbackThreshold"":0.8,""environments"":[""development"",""staging"",""production""],""defaultEnvironment"":""production"",""useAllModules"":true,""moduleOptions"":{}}}
2025-09-28T17:26:23.662Z,AUDIT_SYSTEM_INITIALIZED,info,general,SYSTEM,{""config"":{""auditLevel"":""detailed"",""retentionDays"":90,""maxLogSize"":104857600,""formats"":[""json"",""csv"",""plain""],""includeMetrics"":true,""includeBackups"":true,""auditDir"":""audit-logs"",""backupDir"":""audit-backups"",""reportsDir"":""audit-reports"",""realTimeAlerts"":false,""alertWebhook"":null,""complianceMode"":false,""encryptLogs"":false,""digitallySigned"":false,""environments"":[""development"",""staging"",""production""],""crossEnvironmentTracking"":true},""sessionId"":""audit_mg3z1iul_qaqcfrl7g""}
2025-09-28T17:26:23.671Z,COORDINATOR_INITIALIZED,info,general,COORDINATOR,{""sessionId"":""coord_mg3z1iuv_0w730y1dx"",""portfolioName"":""tamyla-portfolio"",""config"":{""portfolioName"":""tamyla-portfolio"",""maxConcurrentDeployments"":3,""deploymentTimeout"":1800000,""enableDependencyResolution"":true,""enableCrossValidation"":true,""enableSharedResources"":true,""healthCheckInterval"":300000,""enableContinuousMonitoring"":true,""enableAutoRollback"":true,""rollbackThreshold"":0.8,""environments"":[""development"",""staging"",""production""],""defaultEnvironment"":""production"",""useAllModules"":true,""moduleOptions"":{}}}
2025-09-28T17:26:23.682Z,AUDIT_SYSTEM_INITIALIZED,info,general,SYSTEM,{""config"":{""auditLevel"":""verbose"",""retentionDays"":90,""maxLogSize"":104857600,""formats"":[""json"",""csv"",""plain""],""includeMetrics"":true,""includeBackups"":true,""auditDir"":""audit-logs"",""backupDir"":""audit-backups"",""reportsDir"":""audit-reports"",""realTimeAlerts"":false,""alertWebhook"":null,""complianceMode"":false,""encryptLogs"":false,""digitallySigned"":false,""environments"":[""development"",""staging"",""production""],""crossEnvironmentTracking"":true},""sessionId"":""audit_mg3z1iv5_aszy75x4y""}
2025-09-28T17:28:08.035Z,AUDIT_SYSTEM_INITIALIZED,info,general,SYSTEM,{""config"":{""auditLevel"":""detailed"",""retentionDays"":90,""maxLogSize"":104857600,""formats"":[""json"",""csv"",""plain""],""includeMetrics"":true,""includeBackups"":true,""auditDir"":""audit-logs"",""backupDir"":""audit-backups"",""reportsDir"":""audit-reports"",""realTimeAlerts"":false,""alertWebhook"":null,""complianceMode"":false,""encryptLogs"":false,""digitallySigned"":false,""environments"":[""development"",""staging"",""production""],""crossEnvironmentTracking"":true},""sessionId"":""audit_mg3z3rdu_7g7nh7lxs""}
2025-09-28T17:28:08.042Z,COORDINATOR_INITIALIZED,info,general,COORDINATOR,{""sessionId"":""coord_mg3z3re2_i6spsmss5"",""portfolioName"":""tamyla-portfolio"",""config"":{""portfolioName"":""tamyla-portfolio"",""maxConcurrentDeployments"":3,""deploymentTimeout"":1800000,""enableDependencyResolution"":true,""enableCrossValidation"":true,""enableSharedResources"":true,""healthCheckInterval"":300000,""enableContinuousMonitoring"":true,""enableAutoRollback"":true,""rollbackThreshold"":0.8,""environments"":[""development"",""staging"",""production""],""defaultEnvironment"":""production"",""useAllModules"":true,""moduleOptions"":{}}}
2025-09-28T17:28:08.050Z,AUDIT_SYSTEM_INITIALIZED,info,general,SYSTEM,{""config"":{""auditLevel"":""verbose"",""retentionDays"":90,""maxLogSize"":104857600,""formats"":[""json"",""csv"",""plain""],""includeMetrics"":true,""includeBackups"":true,""auditDir"":""audit-logs"",""backupDir"":""audit-backups"",""reportsDir"":""audit-reports"",""realTimeAlerts"":false,""alertWebhook"":null,""complianceMode"":false,""encryptLogs"":false,""digitallySigned"":false,""environments"":[""development"",""staging"",""production""],""crossEnvironmentTracking"":true},""sessionId"":""audit_mg3z3rea_zlxn3hdwu""}
